mechanism,benefit_scale,cost_scale,replicate_count,mean_final_trait,std_final_trait,min_final_trait,max_final_trait
direct_reciprocity,1.0,0.2,1,0.11194487751398066,0.0,0.11194487751398066,0.11194487751398066
group_selection,1.0,0.2,1,0.11575638183909703,0.0,0.11575638183909703,0.11575638183909703
indirect_reciprocity,1.0,0.2,1,0.1231585489460517,0.0,0.1231585489460517,0.1231585489460517
kin_selection,1.0,0.2,1,0.12879038697067965,0.0,0.12879038697067965,0.12879038697067965
network_reciprocity,1.0,0.2,1,0.11970608254350215,0.0,0.11970608254350215,0.11970608254350215
